,name,img_url,origin,title
0,チャンピオンズリーグ優勝_1,https://msp.c.yimg.jp/images/v2/FUTi93tXq405grZVGgDqG0332wwRp3nLOzNYShX-Y3fe-FyNcdy2hb7E2BoxLCLG9AUMvmjN_1rFFZFFZtZQL_RFkaysZ_mGohF7hXtnbS4cLxQwY4X7WiUD1TYrRB4I9FBnVhsg6QLyI9Cu_ZCDsK7b0BnTdLCbzPjAtE2nF7gNmHJv2cf0zgWS172JaTmFfq3ZkviQ5He3fo6cz_NzXYv8VOMIzgOBi7rpd2YdLSS3R4Em7-4DF79TdbvDR7oFzXQystJ_s-vrcWYx_vqpnnz54v4YOxf-kPj2jSaNSMD1gM4HpzZr4eq_7h8pzvWy/GettyImages-1153209125.jpg,https://www.soccer-king.jp/news/world/cl/20200806/826246.html,UEFAチャンピオンズリーグ歴代優勝チーム一覧（ヨーロピアン・カップ ...800x533UEFAチャンピオンズリーグ歴代優勝チーム一覧（ヨーロピアン・カップ ...soccer-king.jpUEFAチャンピオンズリーグ歴代優勝チーム一覧（ヨーロピアン・カップ ...800x540UEFAチャンピオンズリーグ歴代優勝チーム一覧（ヨーロピアン・カップ ...soccer-king.jp18-19シーズンのUEFAチャンピオンズリーグ、リヴァプールが優勝 ...800x45118-19シーズンのUEFAチャンピオンズリーグ、リヴァプールが優勝 ...qoly.jpUEFAチャンピオンズリーグ歴代優勝チーム一覧（ヨーロピアン・カップ ...800x533UEFAチャンピオンズリーグ歴代優勝チーム一覧（ヨーロピアン・カップ ...soccer-king.jp
1,チャンピオンズリーグ優勝_2,https://msp.c.yimg.jp/images/v2/FUTi93tXq405grZVGgDqG8REC8Rqge5CUPSKGCnz4T2ib6h3P73N7s6kDACE7umT3JSCZOaHGmreqS-sv6hYX-sXIMzDfItajBPoizTwR50d9yLUUyZIOTBtOQL4isRqgLnMbiVl43ZHwArefzZZ8ndF0YL0tXZFM7E6dcgzACyAQoZS0yY8OiztkD6wFCZDpp4QeLJJv_8FCsuGuzwPF6DwLtWor8vl9ORLFPI_f3hunOi3IQS6SjnQLcHEuJHOnIcjJp8BXuBQfP52ew_6KGQvLu37EeGISguHjH_bvxk6XGerK2Hg8Xj3JLPF8lBW8o6zQcPYl1uIAxkvjQDVUg==/20170606realmadrid_getty-560x373.jpg,https://www.footballchannel.jp/2017/06/06/post214963/,UEFA公式サイトがCL優秀選手18人を発表、優勝したレアルからは最多の8 ...560x373UEFA公式サイトがCL優秀選手18人を発表、優勝したレアルからは最多の8 ...footballchannel.jpUEFA、CL優秀選手20人を発表。王者リバプールから6人、アヤックスから5 ...600x400UEFA、CL優秀選手20人を発表。王者リバプールから6人、アヤックスから5 ...footballchannel.jp今季のCL優勝候補はこの8チーム！ 弱点をクリアして頂点に立つのはどこ ...594x396今季のCL優勝候補はこの8チーム！ 弱点をクリアして頂点に立つのはどこ ...theworldmagazine.jpサッカー＝リバプールがＣＬ優勝、決勝でトットナム下す | Reuters800x533サッカー＝リバプールがＣＬ優勝、決勝でトットナム下す | Reutersjp.reuters.com
2,チャンピオンズリーグ優勝_3,https://msp.c.yimg.jp/images/v2/FUTi93tXq405grZVGgDqG0332wwRp3nLOzNYShX-Y3fe-FyNcdy2hb7E2BoxLCLG9AUMvmjN_1rFFZFFZtZQL_RFkaysZ_mGohF7hXtnbS4Pmvah45nRZ5qKxz5vuhu9U_SGE4oTRZXTbGnwI59IPykbkqjKswAjuBVYiRiTks6Vzua3c4MjoDAwngCiK_6XWFV00-fwYkXUln6Fj_cpyBoxUrzqP6YqzmqjoGkOvUuLQzh2zNSLHqteahnBdgAVmmsBWNiWQumMvPniQW00IbSV4Wlr-nvmhcQaYhOMGZOM9PpHSoUytbxswQu3_MFA/GettyImages-691944730.jpg,https://www.soccer-king.jp/news/world/cl/20200806/826246.html,UEFAチャンピオンズリーグ歴代優勝チーム一覧（ヨーロピアン・カップ ...800x553UEFAチャンピオンズリーグ歴代優勝チーム一覧（ヨーロピアン・カップ ...soccer-king.jpバイエルン、CL全勝優勝の軌跡 11試合43ゴールの圧倒的な攻撃力 ...600x400バイエルン、CL全勝優勝の軌跡 11試合43ゴールの圧倒的な攻撃力 ...sports.yahoo.co.jpリバプールのCL優勝にベンフィカBが多大なる貢献! スパーリング ...800x513リバプールのCL優勝にベンフィカBが多大なる貢献! スパーリング ...web.ultra-soccer.jpサッカー欧州ＣＬ決勝2017 写真特集：時事ドットコム650x410サッカー欧州ＣＬ決勝2017 写真特集：時事ドットコムjiji.com
3,チャンピオンズリーグ優勝_4,https://msp.c.yimg.jp/images/v2/FUTi93tXq405grZVGgDqG2aFzu_ogFbsBBYOyiO86q7jfr5vgdKleuAcp5gd0ciFKMrrrOaimPF-NPxuHDdMWaBjhPJREsx47lZzIt-02kjmDtCqO_rhziC3xOWYUra-XkAiQXm5-tq80nFwRNJdVDJmc0R2I61hIZSiBRzUV-8yujkacz3-zhaQ-NJ_zN_sy0cgE1wElJaeNcwQ2Y2g5JEm9rNmd-fkzpLJqBk-iLTp11_h3xyFC5_D8iPLIFTVTG350KXpYs5UvYOTj1PZxYD5F9U0EiDuG-mkfOlqgfGM9PpHSoUytbxswQu3_MFA/202008240000067-w1300_0.jpg,https://www.nikkansports.com/soccer/world/news/202008240000067.html,バイエルン、７季ぶり６度目欧州ＣＬ制覇で３冠達成 - 欧州ＣＬ : 日刊 ...1300x930バイエルン、７季ぶり６度目欧州ＣＬ制覇で３冠達成 - 欧州ＣＬ : 日刊 ...nikkansports.comリバプール14季ぶり6回目V 歴代3位、イングランド勢対決制す 欧州CL ...799x478リバプール14季ぶり6回目V 歴代3位、イングランド勢対決制す 欧州CL ...mainichi.jp昨季、チャンピオンズリーグ収入ランキング！1位は優勝したリバプール ...800x450昨季、チャンピオンズリーグ収入ランキング！1位は優勝したリバプール ...football-tribe.com写真特集】リバプールが欧州CL王者に、トッテナムとのプレミア勢対決を ...810x527写真特集】リバプールが欧州CL王者に、トッテナムとのプレミア勢対決を ...afpbb.com
4,チャンピオンズリーグ優勝_5,https://msp.c.yimg.jp/images/v2/FUTi93tXq405grZVGgDqG2YeeNAAuiouR71lz0gaPgYQLSHqqWalxzS8Q8F7wqPnEXx0zbGbanISANDys5ijcGPKWBP24P4fwrO2UL_-fiumO11sS32hbGjOk1C0D44-0GOLxPsBRktSXwvOvSoz6hue3iWI3ZWVtL5uPovHRjfXoAmlV0PQY1XLVfafKaviaE4-W9uPEB76D8ZD-3inzOxrYG5tFG5kVMAHJXNVkDgUUjQfrSz3EoTjCHnQc5VLy081uZa8lDuwdcy3vRMShuajJ4fAy-z7B-L7SHrLBCYEEyzWxDsBbhSmtlqUiP-h9NeByoKZ_n8-DWzq6932H5J2peX6FhsHngsE36MZ3cU=/001-clf-team-victory.jpg,https://www.cnn.co.jp/showbiz/35137863.html,CNN.co.jp : サッカーＣＬ決勝 リバプール、１４季ぶり６度目の優勝768x432CNN.co.jp : サッカーＣＬ決勝 リバプール、１４季ぶり６度目の優勝cnn.co.jpバイエルン、６度目の頂点 ＰＳＧに１―０―サッカー欧州ＣＬ：時事 ...450x316バイエルン、６度目の頂点 ＰＳＧに１―０―サッカー欧州ＣＬ：時事 ...jiji.com昨季のレアルをズバリ!! アッレグリ「今季のCLの優勝候補は…」 | ゲキサカ800x600昨季のレアルをズバリ!! アッレグリ「今季のCLの優勝候補は…」 | ゲキサカweb.gekisaka.jpスパーズとの同国対決を制したリバプールが14季ぶり6度目の優勝!《CL ...800x513スパーズとの同国対決を制したリバプールが14季ぶり6度目の優勝!《CL ...web.ultra-soccer.jp
5,チャンピオンズリーグ優勝_6,https://msp.c.yimg.jp/images/v2/FUTi93tXq405grZVGgDqG15ipoGYrrtD0o7zZ2bGaH2nUD3lBPHL-2NLdsF92b1DiC-efUitQH7sCODlR7vRwpn3ZIQ72bGsaWnkmxW1MFm4ENUH_qRklrwj_DO8lPAXLAHD5JCjpiUOTODuec_HAUqziG--IQu9-QD00MHIee-5yBl7y-V295AXd9OmbSTfCHT4POPSzuaXzIUQYTX30sh1LwCdtQyfT_7OrWbtPS7ZnQm3QlPBTQWs3fYfN-1HThKwisDkm_nbq_E2knIdkLqpS-oXXb9rpCMnGIouoJo=/800x600-403.jpg,https://kicker.town/muenchen/2020/08/139720.html,バイエルン、ＣＬ史上最高額の賞金を獲得 | kicker日本語版800x600バイエルン、ＣＬ史上最高額の賞金を獲得 | kicker日本語版kicker.town鹿島アントラーズＡＦＣチャンピオンズリーグ2018 優勝に伴う 村井 満 ...640x426鹿島アントラーズＡＦＣチャンピオンズリーグ2018 優勝に伴う 村井 満 ...jleague.jpシティ、悲願のCL初優勝？ 「悪魔のゲーム」で完全シミュレーション ...900x600シティ、悲願のCL初優勝？ 「悪魔のゲーム」で完全シミュレーション ...football-zone.netUEFAチャンピオンズリーグ歴代優勝チーム一覧（ヨーロピアン・カップ ...800x533UEFAチャンピオンズリーグ歴代優勝チーム一覧（ヨーロピアン・カップ ...soccer-king.jp
6,チャンピオンズリーグ優勝_7,https://msp.c.yimg.jp/images/v2/FUTi93tXq405grZVGgDqG_m4fvKNjDxNeuEhL_Sl3oRh_1kOmM_s2XTB4uRi5LpriVYZY1HkzKDcYMSaxjvXxyAj-uBnrzsBFzzaoQfmQXIwChG02ycVzyPN4hL_I0fumjKsyvkzq5QD1paecDSEzqPCyhegI00RTxCVaIG3YQ7-JsblGWJpaoPN5QlLwcxrd2U4cUFUkl97nzUO160yuj_QUXRm-jGOLxdB2E2XpqqtnRqq90z8GXuS73qIG3b6dJr77vU4sa9TRZu8grTZMM5766f5ZdhTSpzH8l6TNeOHhSTzLesAXtMffMLxYSgg/img_938287d78b99151f76481caddfa06b2c226805.jpg,https://www.afpbb.com/articles/-/2825795,"写真特集】欧州チャンピオンズリーグ歴代優勝チーム 写真22枚 国際 ...1000x800写真特集】欧州チャンピオンズリーグ歴代優勝チーム 写真22枚 国際 ...afpbb.comCL優勝のレアル 評価は散々 | リーガエスパニョーラを現地から ...658x339CL優勝のレアル 評価は散々 | リーガエスパニョーラを現地から ...sport-japanese.comリバプールMF、CL優勝杯""足乗せ""写真が波紋？ 踏みつけ物議の韓国指摘 ...900x600リバプールMF、CL優勝杯""足乗せ""写真が波紋？ 踏みつけ物議の韓国指摘 ...football-zone.netサッカー界2大巨頭メッシとC・ロナウド。より優れているのはどちらだ ...800x450サッカー界2大巨頭メッシとC・ロナウド。より優れているのはどちらだ ...football-tribe.com"
7,チャンピオンズリーグ優勝_8,https://msp.c.yimg.jp/images/v2/FUTi93tXq405grZVGgDqG9kpMokp57ULVq6SyzPbUeVGDA1hhKEJP9skd402yqzTgcjldUyeQ0DxEyIJi9SXrOxABEdVXziG6tzO9O4vavFKbNbEc5HOXFgku1IWARh0BUco-ZxXxYFMt2bZ5g2kt2kGF-1wA8IiXBg5Rji2Q-N8RWWdHpwRVhbpSnSVNFJsWtuD6pgYCQ4X0UI7q88nS8G5KZ1LelA4yz1_my3yp9mnGTpN24P6Y4uT4xKyxRFmuZaeGRigcNFfUnqf_uqN7XJezuOU3mWoOMB-6PsaJ4fZFX7FHoC0im0byMRPS4K3E9vFKyPmOQ-XO8_JMMFRemmmEmntwG5bJ113kpwIf_yPA5BXRJwuROMMvQE5Zt2-HMAa81OCKHwHLIqVvsEfhw==/E38390E382A4E382A8E383ABE383B3.jpg,https://worldcup2018-japan.com/2020/08/24/bayern-munchen-the-secret-of-strength/,CLを圧倒的な勝率で優勝したバイエルン・ミュンヘンの強さの秘訣とは？630x400CLを圧倒的な勝率で優勝したバイエルン・ミュンヘンの強さの秘訣とは？worldcup2018-japan.comどうして？ CL準優勝のユーベが王者マドリーを上回る史上最高額の賞金 ...640x480どうして？ CL準優勝のユーベが王者マドリーを上回る史上最高額の賞金 ...soccerdigestweb.comF・トーレスも達成！W杯、EURO、CL、ELの全てで優勝したレジェンドたち480x704F・トーレスも達成！W杯、EURO、CL、ELの全てで優勝したレジェンドたちqoly.jp今夜開幕のCL、ブックメーカーの優勝予想は？ 王者レアルは5番手の低 ...600x400今夜開幕のCL、ブックメーカーの優勝予想は？ 王者レアルは5番手の低 ...footballchannel.jpUEFAチャンピオンズリーグ歴代優勝チーム一覧（ヨーロピアン・カップ ...800x555UEFAチャンピオンズリーグ歴代優勝チーム一覧（ヨーロピアン・カップ ...soccer-king.jp
8,チャンピオンズリーグ優勝_9,https://msp.c.yimg.jp/images/v2/FUTi93tXq405grZVGgDqG701VjpkbG012Fp8DSoLxqlGluSrKCqwWttUH6DEjf_t5b9UG-chcGcHJnagxcbw3RZOYLFcHYRkE9xlDjRPBnO3l0U0M7HU0d7jBJz_o2-DcAeFxa4jGTSjNW-p9O1rKvF6SRVIsJ_NbxYiLv_-eMn-jO3iN4wLtyHYDxKaqgBiTiurRrSMZew9xAniFKagn3s3dayHIEhnZSuj5ftsZtvrVMzV_uH83YqFpTiToAxVyLFd0Hcf2SOgJSwtvo1yhggHIDsPP3w7tL_shhR-Ko0G-OZwlwMDqnpZMzUjkz74/20190126_roberto-di-matteo3049.jpg,https://www.football-zone.net/archives/165708,"チェフが明かすチェルシーCL初制覇""秘話"" バイエルンのPK映像分析に「7 ...900x600チェフが明かすチェルシーCL初制覇""秘話"" バイエルンのPK映像分析に「7 ...football-zone.net２０１２ - ２０１３シーズンチャンピオンズリーグ優勝 - FC Bayern Munich660x880２０１２ - ２０１３シーズンチャンピオンズリーグ優勝 - FC Bayern Munichfcbayern.comUEFAチャンピオンズリーグ優勝トロフィー展示 8/26-28 | Uefa ...600x694UEFAチャンピオンズリーグ優勝トロフィー展示 8/26-28 | Uefa ...pinterest.jpUEFAチャンピオンズリーグ優勝おめでとうバイエルン・ミュンヘン ...570x355UEFAチャンピオンズリーグ優勝おめでとうバイエルン・ミュンヘン ...ameblo.jpUEFAチャンピオンズリーグ歴代優勝チーム一覧（ヨーロピアン・カップ ...800x552UEFAチャンピオンズリーグ歴代優勝チーム一覧（ヨーロピアン・カップ ...soccer-king.jp"
9,チャンピオンズリーグ優勝_10,https://msp.c.yimg.jp/images/v2/FUTi93tXq405grZVGgDqG_MxzjkRZCmaIl_02j4QZCB3XgtyOC7NOpzAMvUTDvJh0sQr3pr9txWGxukAgA_5GgX8wCXHUirXYuuRZSYbrVkvgPbVG2Cc5i7zfwYT4wAwemJzUDVN21iQNGPe54BC0gSTiR22chsOBiIKg--xap38ROKpyTLOZ3iraZvWHby_1WjRbMC6pgTFVfd7oM72IQXAOClYFKvSWsLQXPYFgRWVk9pkt7EBupGMW6VN_nwJaE4-W9uPEB76D8ZD-3inzOxrYG5tFG5kVMAHJXNVkDgUUjQfrSz3EoTjCHnQc5VLy081uZa8lDuwdcy3vRMShvSTKn5AgBCoyIN_S9agfZ3UlyPHYr55KzKBFbwWUsURcjuhfWM4E_lGel1vNTgCr-1_LrtAuAufCusQXMapeSI=/juventus-1996-champions-league-winners_1g1rsdiyuj9rv1fdj16ocvfkl1.png,https://www.goal.com/jp/%E3%82%AE%E3%83%A3%E3%83%A9%E3%83%AA%E3%83%BC/juventus-champions-league-last-champion/1/1nre8io6dpoe6127cw7zkbnqga,ユヴェントスが最後にチャンピオンズリーグで優勝したのはいつ ...1280x720ユヴェントスが最後にチャンピオンズリーグで優勝したのはいつ ...goal.comチェルシーCL優勝の決め手！ : さとぼうし256x167チェルシーCL優勝の決め手！ : さとぼうしtubosato1201.livedoor.blogピナクル】UEFAチャンピオンズリーグ2018－2019：優勝最有力はマンC、3 ...750x500ピナクル】UEFAチャンピオンズリーグ2018－2019：優勝最有力はマンC、3 ...bookmaker-info.com欧州ＣＬ決勝】リバプールが１４季ぶり６度目の優勝も…エース・サラー ...350x450欧州ＣＬ決勝】リバプールが１４季ぶり６度目の優勝も…エース・サラー ...tokyo-sports.co.jp
10,チャンピオンズリーグ優勝_11,https://msp.c.yimg.jp/images/v2/FUTi93tXq405grZVGgDqG_MxzjkRZCmaIl_02j4QZCB3XgtyOC7NOpzAMvUTDvJh0sQr3pr9txWGxukAgA_5GkPw9zQdkU3EgYm3m3scxk0oLmHL8Mcy-Qc21G1Ww8IF0vxOYrqen15JZNPmoik7aFzqzBRMx50nSS0Np8blczVu9825vFCLV_bNI97NLnNLujt0MjLvZvgsYSPtsQCWnu1dBEgNqzyW8jw7b_G366tn1-PGFXYa_E1dsDPFq1BjrID8Z15Hm_6mlS2KmpFiR88lBV97Sf9hWzkUrnw0QBahcC1KAZX6XJPpTppXY__GDP0A9T_qO2D4BVI35_Ljsdn5-tijhvRY18nvB4dPicbYkgbbwja04KO9zksoyzkB-tgL35C89ZhEGxNB4mx1pfOo5K2KVyt6x99lVmCEIXEU0EG80NKeHGlpMmkhC6Pe/real-madrid-champions-league-trophy-2018_zeu0dd18cuf1y0viuufev2k4.jpg,https://www.goal.com/jp/%E3%83%8B%E3%83%A5%E3%83%BC%E3%82%B9/%E4%BB%8A%E5%AD%A3%E3%81%AE%E3%83%81%E3%83%A3%E3%83%B3%E3%83%94%E3%82%AA%E3%83%B3%E3%82%BA%E3%83%AA%E3%83%BC%E3%82%B0%E5%84%AA%E5%8B%9D%E3%82%AF%E3%83%A9%E3%83%96%E3%81%AF%E3%81%A9%E3%81%93%E3%81%A0%E5%BE%B9%E5%BA%95%E4%BA%88%E6%83%B3/1vknfmqeg7uta1arsdm1sz1o7n,CL優勝予想】レアル？バルサ？優勝チームを大胆予想／18-19 ...1200x800CL優勝予想】レアル？バルサ？優勝チームを大胆予想／18-19 ...goal.comチャンピオンズ・リーグの豆知識！スタジアム、トロフィー、賞金など ...720x480チャンピオンズ・リーグの豆知識！スタジアム、トロフィー、賞金など ...thedigestweb.com今季のCL優勝＆得点王争いの行方は？ 大手ブックメーカーの予想オッズ ...594x383今季のCL優勝＆得点王争いの行方は？ 大手ブックメーカーの予想オッズ ...theworldmagazine.jpチェルシー（オフィシャル） マウスパッド(チャンピオンズリーグ優勝 ...600x600チェルシー（オフィシャル） マウスパッド(チャンピオンズリーグ優勝 ...store.shopping.yahoo.co.jpUEFAチャンピオンズリーグの優勝杯、渋谷のサッカー専門店で展示 ...345x460UEFAチャンピオンズリーグの優勝杯、渋谷のサッカー専門店で展示 ...shibukei.com
11,チャンピオンズリーグ優勝_12,https://msp.c.yimg.jp/images/v2/FUTi93tXq405grZVGgDqG2aFzu_ogFbsBBYOyiO86q7jfr5vgdKleuAcp5gd0ciF5MTh0VXphYQ0AdzoWfCwBWTDMgUSODpEQlBPF2DnrAyNRZnsvwQRr824lN14onrI5ksTbaiBAbjVCWb73Qy1DKcZOk3bg_pji5PjErLFEWa5lp4ZGKBw0V9Sep_-6o3tcl7O45TeZag4wH7o-xonh9kVfsUegLSKbRvIxE9LgrecXKXJ9JR8ieZXheCOb4CUt9NewrZ8dRam4fVqua3FSYWSAvhBMMeMA47c2Vwu1qTIXnzqkUU7jziKOS0ouKTg/201808090000242-w500_0.jpg,https://www.nikkansports.com/soccer/column/money/news/201808090000242.html,欧州ＣＬ勝ったらいくらもらえる？／第２回 - フットボール金融論 ...500x319欧州ＣＬ勝ったらいくらもらえる？／第２回 - フットボール金融論 ...nikkansports.com今のレアルで「CL優勝は難しい」 クラブOBが悲観的な見解「過渡期に ...900x600今のレアルで「CL優勝は難しい」 クラブOBが悲観的な見解「過渡期に ...football-zone.netCL決勝、バイエルン勝利の要因は？ PSGとのわずかな差、パーフェクトな ...600x400CL決勝、バイエルン勝利の要因は？ PSGとのわずかな差、パーフェクトな ...footballchannel.jp欧州チャンピオンズリーグ2018-19 / サッカー - TSP SPORTS550x250欧州チャンピオンズリーグ2018-19 / サッカー - TSP SPORTStsp21.com
12,チャンピオンズリーグ優勝_13,https://msp.c.yimg.jp/images/v2/FUTi93tXq405grZVGgDqG_m4fvKNjDxNeuEhL_Sl3oRaBVhbJIQj1rWgQINGXCUaZ_Xaq7XSoGdfA_BFM4UiA1_E9W1xR6pI_Aar5-KjG-axxZqQ-57IficlO85pBMO19QUhKVIIjmWOVGmWBDZ1EkaVyPM2oMOzO7OqapMlEaA9x2d053i6yqs_-C4nX2J5mccrn3nn-eS7Wx-zgNy5oVwBKV_l2dBFBe7ZOHMRrd0q-NWggEen0JNo9fpf2ujET3ZzFNi0xCyAd57ZjQ-F7x_bYLFSBaN2FkEH5FUuhmAwNvsLecwIYi8EVkN5JT5c/img_d9a34f9a76e0f5b0310712b677d20e95316290.jpg,https://www.afpbb.com/articles/-/2825795,写真特集】欧州チャンピオンズリーグ歴代優勝チーム 写真22枚 国際 ...810x540写真特集】欧州チャンピオンズリーグ歴代優勝チーム 写真22枚 国際 ...afpbb.comリバプールFCがクロップと共にチャンピオンズリーグ6度目の制覇〜成熟 ...718x479リバプールFCがクロップと共にチャンピオンズリーグ6度目の制覇〜成熟 ...lfclab.jpCLの新しいヤツ！ | 超主観的YNWA -リヴァプールFC応援ブログ300x200CLの新しいヤツ！ | 超主観的YNWA -リヴァプールFC応援ブログmy-ynwa.redついに開幕！チャンピオンズリーグの賞金額ってどんな感じ？938x469ついに開幕！チャンピオンズリーグの賞金額ってどんな感じ？qoly.jp
13,チャンピオンズリーグ優勝_14,https://msp.c.yimg.jp/images/v2/FUTi93tXq405grZVGgDqGyqPZAayYuHzw6fFNhYzNCUdIzoRPFtz6Zb4jJOOtEnBUt5dv-ddYMeIEtOlw5loUUj_cNBQz2RCUt2pe3xkJ8IWOPT9c6jiQWutPFYvx7bdd0XRgvS1dkUzsTp1yDMALIBChlLTJjw6LO2QPrAUJkOmnhB4skm__wUKy4a7PA8XoPAu1aivy-X05EsU8j9_eOrujdyJ-1_4YsgmLqPd2p2ycUSzk1a6YRs6jcaG2JZKWvOtKCHKJpleKud4MYOThX6D5DdEm0D2kB7EM7FT_LTyjrNBw9iXW4gDGS-NANVS/4fd3d3400b23e690cb64ef3520286dcf.jpg,https://blog.goo.ne.jp/kurt2008/e/410060c4848c1cd9c0fcc5a99031f188,２０１２ UEFAチャンピオンズリーグ 決勝戦 チェルシー初優勝♪ - 新 ...650x432２０１２ UEFAチャンピオンズリーグ 決勝戦 チェルシー初優勝♪ - 新 ...blog.goo.ne.jpピナクル】UEFAチャンピオンズリーグ2017－2018：レアルがブック ...912x516ピナクル】UEFAチャンピオンズリーグ2017－2018：レアルがブック ...bookmaker-info.com1997年5月28日：BVBがチャンピオンズリーグ優勝 | Borussia Dortmund ...360x2151997年5月28日：BVBがチャンピオンズリーグ優勝 | Borussia Dortmund ...bvb.jpUEFAチャンピオンズリーグ＆UEFAヨーロッパリーグ 20-21｜スポーツ｜WOWOW1140x600UEFAチャンピオンズリーグ＆UEFAヨーロッパリーグ 20-21｜スポーツ｜WOWOWwowow.co.jp
14,チャンピオンズリーグ優勝_15,https://msp.c.yimg.jp/images/v2/FUTi93tXq405grZVGgDqGw1jVpiR23zPxiK2XmllzNJuqdpPY97l3ciPySPBdXlC0Wnvma6EUpivV2i-J9o-L2r_GE9prM-QWdeV1miCnyxsMIKe2yQK8hcQbNL-kl3Wpxk6TduD-mOLk-MSssURZrmWnhkYoHDRX1J6n_7qje1yXs7jlN5lqDjAfuj7GieH2RV-xR6AtIptG8jET0uCt8f_fz2yTeLLJsvvYl7U0ajhHw90AnhKrhZXES93CTJfP8S8ZQ8iKWtd7T2oqSQNznyfOpH0LqCJlszrMjyqz8Y=/ecl015-jpp019354867.jpg,https://www.jiji.com/jc/d4?p=ecl015&d=d4_pp,サッカー欧州ＣＬ 2014－15 写真特集：時事ドットコム600x399サッカー欧州ＣＬ 2014－15 写真特集：時事ドットコムjiji.comラウンド16へ突入するCL。グループステージを４名の達人が総括した ...500x375ラウンド16へ突入するCL。グループステージを４名の達人が総括した ...sportiva.shueisha.co.jp欧州チャンピオンズリーグ2017-18 / サッカー - TSP SPORTS550x250欧州チャンピオンズリーグ2017-18 / サッカー - TSP SPORTStsp21.comチャンピオンズリーグ決勝を斬る : Highlights643x421チャンピオンズリーグ決勝を斬る : Highlightsblog.livedoor.jp
15,チャンピオンズリーグ優勝_16,https://msp.c.yimg.jp/images/v2/tpvPBYOX1wpNVI1UoNSgEo_IE7Hl5ddFcv96ox0i9qIMvsPooS970gyuivM2Z2HW5b1lYVfxbMBWHXZVKP-9VAneqe1EHqfgJVk9kg3OVDF815-QuXzJ_QRxE6FmEifm0wEFUeSQcsgBTl5VBo9UHa7b0BnTdLCbzPjAtE2nF7gNmHJv2cf0zgWS172JaTmFfq3ZkviQ5He3fo6cz_NzXTardLoUNj0rBfbv7TKIgb2-j23JaA_Rs35mcfnNarQ_0RNAZ3fM9irWwtOXon1HNFMkqS1Q1OaD7MK0eedzhoIU0EG80NKeHGlpMmkhC6Pe/ea2ba69a362d16e99a8fbc7a6ba5e9da.jpg,https://one.hpplus.jp/more/4766,チャンピオンズリーグ、レアル・マドリードが優勝！！ | HAPPY PLUS ...640x733チャンピオンズリーグ、レアル・マドリードが優勝！！ | HAPPY PLUS ...one.hpplus.jpレアルVSアトレティコのチャンピオンズリーグ決勝戦は延長戦の末に、4 ...400x225レアルVSアトレティコのチャンピオンズリーグ決勝戦は延長戦の末に、4 ...gigazine.netUEFAチャンピオンズリーグ(UCL）優勝賞金｜世界最高峰の戦いはいくら ...1200x800UEFAチャンピオンズリーグ(UCL）優勝賞金｜世界最高峰の戦いはいくら ...goal.comUCL】チャンピオンズリーグ 優勝の歴史とランキング（クラブ別・国別）400x267UCL】チャンピオンズリーグ 優勝の歴史とランキング（クラブ別・国別）replogg.com
16,チャンピオンズリーグ優勝_17,https://msp.c.yimg.jp/images/v2/FUTi93tXq405grZVGgDqG_dofKQYszN0U_fl6ay-qHyKc6VigVlC2s5FTMOGsJUkCxXT9cxYbi2DXnF05mXcUZBbZyROKPwWYa0SogulCvBdDlnerZCuYgjivznhFMKno8LKF6AjTRFPEJVogbdhDv4mxuUZYmlqg83lCUvBzGt3ZThxQVSSX3ufNQ7XrTK6P9BRdGb6MY4vF0HYTZemqt4Nmh_BgJnMmuXKDF4_fgrKsGcSG9TrokMU0TJp3EVtwneBY8zp2FJaVg_wPcimdMh2437pyU-atQqHmkNZsxU=/20090528085903-1.jpg,https://s.japanese.joins.com/JArticle/115875?sectcode=610&servcode=600,サッカー＞バルセロナ、マンＵ抑えチャンピオンズリーグ優勝 ...530x398サッカー＞バルセロナ、マンＵ抑えチャンピオンズリーグ優勝 ...s.japanese.joins.comAmazon.co.jp | UEFAチャンピオンズリーグ2007/2008 優勝への軌跡 [DVD ...425x300Amazon.co.jp | UEFAチャンピオンズリーグ2007/2008 優勝への軌跡 [DVD ...amazon.co.jp写真特集】欧州チャンピオンズリーグ歴代優勝チーム 写真22枚 国際 ...778x540写真特集】欧州チャンピオンズリーグ歴代優勝チーム 写真22枚 国際 ...afpbb.comクロップがついに欧州カップ優勝!! “シルバーコレクター”返上へ | ゲキサカ800x600クロップがついに欧州カップ優勝!! “シルバーコレクター”返上へ | ゲキサカweb.gekisaka.jp
17,チャンピオンズリーグ優勝_18,https://msp.c.yimg.jp/images/v2/FUTi93tXq405grZVGgDqGxDfPe-tS_dqKFSf54qLcbWDJhbBtpLdksd6mNhP_L-JEIolV7w7X0Sxg62Biuln3ESoYbkDnpJHh0StrDQtGcaAadzE6aStSJF-YtI5kdc9Cj7Gdb1wYP-pgQmprbnxozY23uRvLTAcqv5t-WqsN1YsAcPkkKOmJQ5M4O55z8cBSrOIb74hC735APTQwch577nIGXvL5Xb3kBd306ZtJN8IdPg849LO5pfMhRBhNffSWatQc4aIzTBXLgolGvvveB7DGh0AzbmgGlI65wFjplyG-YGwRy-YNwEmj0FVoUNNUwIoVaFU_nv05vCUbCBUaA==/GettyImages-52508114.jpg,https://football-tribe.com/japan/2018/05/13/48689/,CL優勝回数ランキング。欧州最強の称号を最も手にしたクラブとは ...800x450CL優勝回数ランキング。欧州最強の称号を最も手にしたクラブとは ...football-tribe.comCL優勝】 2006-07 ACミラン 全ゴール - ニコニコ動画960x720CL優勝】 2006-07 ACミラン 全ゴール - ニコニコ動画nicovideo.jp優勝候補”バイエルンはなぜ勝てなくなったのか？ 欧州王者返り咲きへの ...800x551優勝候補”バイエルンはなぜ勝てなくなったのか？ 欧州王者返り咲きへの ...soccer-king.jpコンプリート！ Cl 優勝 歴代 - 素晴らしいサッカーの写真1200x630コンプリート！ Cl 優勝 歴代 - 素晴らしいサッカーの写真apictnant8sj.onrender.com
18,チャンピオンズリーグ優勝_19,https://msp.c.yimg.jp/images/v2/tpvPBYOX1wpNVI1UoNSgEsKLZz1XjSA21zva13p9eOlzU4oivvmvcPMD9YYBFQZlwe-vsoJfiikeBqSD6enJh-9A61V-7jofhnBw4YAFYcq3lsDOemD8bPbfT7Voe_Q-RpXI8zagw7M7s6pqkyURoD3HZ3TneLrKqz_4LidfYnmZxyufeef55LtbH7OA3LmhXAEpX-XZ0EUF7tk4cxGt3e6lL0lLFKE33vkwx_THrOH7oisB849uvX49jSOoHmeyZIyxPG7f0Cgnp_01CzwzJbHysVOEVi9k1i_SlKgy77s=/caputure2017021402.jpg,http://replogg.com/2017/02/14/post-386/,欧州サッカー】2016-17 チャンピオンズリーグ 決勝トーナメント開幕 ...400x262欧州サッカー】2016-17 チャンピオンズリーグ 決勝トーナメント開幕 ...replogg.com欧州チャンピオンズリーグ2013-14 / サッカー - TSP SPORTS500x200欧州チャンピオンズリーグ2013-14 / サッカー - TSP SPORTStsp21.comCL優勝で悔しさを晴らしたリバプールのサラー。笑顔の裏にあった苦労と ...800x450CL優勝で悔しさを晴らしたリバプールのサラー。笑顔の裏にあった苦労と ...news.yahoo.co.jp
19,チャンピオンズリーグ優勝_20,https://msp.c.yimg.jp/images/v2/FUTi93tXq405grZVGgDqGyi6QVUtbhhrSNsqaNhvydmZI5JjPyEJWXqQnQtKM2cHcZdV-d2KGRywOtYM7mb_C5-N_ynkeOkJ9Nj6pi7wimX_VXKQdj-9N4aE-SKagU1KjBBSva49GOyy8gqnSXM2Hlxo9GdzNlmSFvpib3ht_39WBhYR-kakwv6tXhUZOSSNL6_-q_j_Il6wljVgYr7orUiK_bSIymOYA92C_r9KePEIcuZMNx0MbBAsbmsDBZP0-dYOXPP-Lquy2p1HwHe_-JlNt_bfXq5epHy_8Es0f1E=/maxresdefault.jpg,https://soccer-mile.com/uefacl-210216/,見どころや優勝予想、注目の伏兵も】チャンピオンズリーグ決勝 ...768x432見どころや優勝予想、注目の伏兵も】チャンピオンズリーグ決勝 ...soccer-mile.comマルセイユ、CL優勝から25周年を記念した復刻版ユニフォームが登場！800x400マルセイユ、CL優勝から25周年を記念した復刻版ユニフォームが登場！qoly.jpUEFAチャンピオンズリーグ優勝トロフィー.. - エンジェルライフ：高松 ...1024x768UEFAチャンピオンズリーグ優勝トロフィー.. - エンジェルライフ：高松 ...en.bloguru.comほぼ日刊イトイ新聞 - フランコさんのイタリア通信。298x400ほぼ日刊イトイ新聞 - フランコさんのイタリア通信。1101.com
20,チャンピオンズリーグ優勝_21,https://msp.c.yimg.jp/images/v2/tpvPBYOX1wpNVI1UoNSgEnCdcmz8_2JvRbvCK1B0xLfpqwTz0N0VPYnRkbeKL943Z2er6nOyfaw0A8nS0delIC1-x1Cp4Ha3nSzhURyRYnI5Kj6i98og-mVS5hp5DvkDLAHD5JCjpiUOTODuec_HAUqziG--IQu9-QD00MHIee-5yBl7y-V295AXd9OmbSTfCHT4POPSzuaXzIUQYTX30pWzyU7gXCnkn-0rUcRfaL6kTFPc-rLVWjo0p4oLAF89zgqrEaQBY7T1ecJAFLS2wIwEq7W3fD-0o8wRMKAR2wA=/players.jpg,http://www.calcio-d.com/15-16club-team/15-16real.madrid-cl.champ-yoyaku.htm,予約 15-16 レアル・マドリー Real Madrid CL チャンピオンズリーグ ...567x319予約 15-16 レアル・マドリー Real Madrid CL チャンピオンズリーグ ...calcio-d.comAmazon.co.jp： マンチェスターユナイテッド リーグ＆チャンピオンズ ...276x400Amazon.co.jp： マンチェスターユナイテッド リーグ＆チャンピオンズ ...amazon.co.jpピナクル】ヨーロッパチャンピオンズリーグ2017－2018決勝トーナメント ...960x574ピナクル】ヨーロッパチャンピオンズリーグ2017－2018決勝トーナメント ...bookmaker-info.com2017年、オセアニアチャンピオンズリーグ優勝！ | CAPAZ (カパース)640x4802017年、オセアニアチャンピオンズリーグ優勝！ | CAPAZ (カパース)capaz.jpマンチェスターＵが優勝!! 欧州ＣＬ - いなモらス404x450マンチェスターＵが優勝!! 欧州ＣＬ - いなモらスblog.goo.ne.jp
21,チャンピオンズリーグ優勝_22,https://msp.c.yimg.jp/images/v2/FUTi93tXq405grZVGgDqG8J7JYU-GRHiMBuMwmX4H0nK_aJ_zvGxkWwNMh2xf4GCKkYvjrYUvLV3tLp-ft3Tbn2rXZSyRmMESdvTXUkKO_3VmUA6NTteCs3XvwrDjW7ZDeJVp0_ab0nscbD-hV9FjYVsWppXN31FUKYPTlY68-0UMdFe7X7o07KLkKqviYPiGk7Z1olRbzJnj0EY3vHGY8lA4IRvQMmROq5qfh5NdTKFMl21Sb7btnz1peMhdQpuln-pvljy_5hRe1cEfUxa2aT5iLEBCzbcPXelHvMTPvo=/6.jpg,https://mainichi.jp/articles/20200324/k00/00m/050/063000c,欧州CL決勝延期 女子CLも 新日程は未定 | 毎日新聞334x223欧州CL決勝延期 女子CLも 新日程は未定 | 毎日新聞mainichi.jpミランを捉えたリヴァプール CL優勝回数でバルサ＆バイエルン越え ...660x371ミランを捉えたリヴァプール CL優勝回数でバルサ＆バイエルン越え ...sport-japanese.com10 Fakten zum Champions-League-Sieg über Paris | FC Bayern660x88010 Fakten zum Champions-League-Sieg über Paris | FC Bayernfcbayern.comUEFAチャンピオンズリーグ歴代決勝カード・優勝チーム一覧｜CL ...300x300UEFAチャンピオンズリーグ歴代決勝カード・優勝チーム一覧｜CL ...msn.com
22,チャンピオンズリーグ優勝_23,https://msp.c.yimg.jp/images/v2/FUTi93tXq405grZVGgDqG_pD3y_BCxk3S8l0gSSqhweHpkfzMePpZOmizUipIg0U7444cpgkss_OjgbGefiYSbljHZDGMLvNKXb3WNGO4KMX2AS4lk1sNNp7Wl_UdC9NcXy2tzAjJDS9_jXi26tN_UaVyPM2oMOzO7OqapMlEaA9x2d053i6yqs_-C4nX2J5mccrn3nn-eS7Wx-zgNy5oVwBKV_l2dBFBe7ZOHMRrd3tPgGz86mgRHjrbL8PInnYEkwLVa7C_a2nwGzcLyE71ZnfGDPon7m0dlvs0WXhVVTwTlPoQBO_VXLhtYS3hY4d/20190830-00140474-roupeiro-000-4-view.jpg,http://www.kokusai-denwa.jp/%E3%82%B5%E3%83%83%E3%82%AB%E3%83%BC-%E3%83%81%E3%83%A3%E3%83%B3%E3%83%94%E3%82%AA%E3%83%B3%E3%82%BA-%E3%83%AA%E3%83%BC%E3%82%B0,焦がす 九時四十五分 慈悲 サッカー チャンピオンズ リーグ - kokusai ...800x450焦がす 九時四十五分 慈悲 サッカー チャンピオンズ リーグ - kokusai ...kokusai-denwa.jpインテル CL優勝！ | francesco-mottiのブログ656x369インテル CL優勝！ | francesco-mottiのブログameblo.jp記録ずくめのCL決勝。バルサは欧州史上初となる2度目の3冠達成 ...600x400記録ずくめのCL決勝。バルサは欧州史上初となる2度目の3冠達成 ...footballchannel.jpチャンピオンズリーグ歴代優勝チームは？優勝回数をランキング ...419x322チャンピオンズリーグ歴代優勝チームは？優勝回数をランキング ...soccer-player10.com
23,チャンピオンズリーグ優勝_24,https://msp.c.yimg.jp/images/v2/FUTi93tXq405grZVGgDqG1DuWUa1IrLEhKV0A_FYqb6uKAZbz1N_hJ7rJUfTTh1Xrg0-E0bnug2DBVU2p5MSrFtZ3FwHmdZCfHSNlNnrVfuyO4sZzgZG1P2lA4kNDeO4zG7DP0gkupvcbx4c_eSI1NPxWtrI7HKRQEhxqv6GgIloTj5b248QHvoPxkP7eKfM7Gtgbm0UbmRUwAclc1WQOBRSNB-tLPcShOMIedBzlUvLTzW5lryUO7B1zLe9ExKGhcyrIQjDPIRBS0nXY0PRmFuH3DpcvY1cFkVz5K--1AL1C7Z90AlU5bI5x3zxMoBJ_JCf6lf6vfVoSFSzBZbLYg==/p1m.jpg,https://minkara.carview.co.jp/tag/cl%E3%83%AA%E3%83%BC%E3%82%B0%E5%84%AA%E5%8B%9D%E3%81%8A%E3%82%81%E3%81%A7%E3%81%A8%E3%81%86%EF%BC%81/,CLリーグ優勝おめでとう！｜みんカラ - 車・自動車SNS（ブログ・パーツ ...198x220CLリーグ優勝おめでとう！｜みんカラ - 車・自動車SNS（ブログ・パーツ ...minkara.carview.co.jpチャンピオンズリーグ(UCL)2019-20優勝予想オッズや勝敗予想オッズ全集907x529チャンピオンズリーグ(UCL)2019-20優勝予想オッズや勝敗予想オッズ全集listofbookmakers.net欧州サッカー】バルサ５度目頂点 南米トリオ牽引 欧州ＣＬ - SankeiBiz ...450x312欧州サッカー】バルサ５度目頂点 南米トリオ牽引 欧州ＣＬ - SankeiBiz ...sankeibiz.jpUEFAチャンピオンズリーグ ついにＡＣミラン優勝 | Natural Life ...600x400UEFAチャンピオンズリーグ ついにＡＣミラン優勝 | Natural Life ...plaza.rakuten.co.jp
